<?xml version="1.0" encoding="UTF-8" standalone="yes"?>
<addon id="tools.vim"
       name="vim"
       version="4.3.1"
       provider-name="Adam Michel (elfurbe)">
  <requires>
    <import addon="os.openelec.tv" version="5.0"/>
    <import addon="xbmc.python" version="2.1.0"/>

  </requires>
  <extension point="xbmc.python.script"
             library="default.py">
        <provides>executable</provides>
  </extension>

  <extension point="xbmc.addon.metadata">
    <summary>vim: VI IMproved</summary>
    <description>
Vim is a highly configurable text editor built to enable efficient text editing. It is an improved version of the vi editor distributed with most UNIX systems.
    </description>
    <disclaimer>

    </disclaimer>
    <platform>all</platform>
  </extension>
</addon>
